pred_prob_0,pred_prob_1,yhat,y,category
0.16783664,-0.39990732,0,1,fn
-0.8439818,0.86679333,1,1,tp
-0.37903032,-0.2641473,1,1,tp
-0.7999467,0.7077963,1,1,tp
-0.5084798,0.86399144,1,1,tp
-0.27698895,-0.057312705,1,1,tp
-1.2699575,0.93916386,1,1,tp
-0.027862526,-0.4161311,0,1,fn
-0.4144955,-0.13878669,1,1,tp
-0.6751669,0.75120085,1,1,tp
-0.6490276,0.15037507,1,1,tp
-0.66322404,0.66857976,1,1,tp
-0.37058082,-0.12580611,1,1,tp
-0.7161507,0.8003514,1,1,tp
0.34127277,-0.4804117,0,1,fn
-0.84934413,0.836609,1,1,tp
-0.54693353,-0.06697766,1,1,tp
0.12827586,-0.5712104,0,1,fn
-0.88853514,0.50937015,1,1,tp
0.11203466,-0.58502597,0,1,fn
-0.5217084,-0.16490446,1,1,tp
-0.08546489,-0.06912191,1,1,tp
-0.26422107,-0.25786182,1,1,tp
0.15578856,-0.6307106,0,1,fn
-1.1462901,1.1946547,1,1,tp
0.07314998,-0.48121712,0,1,fn
-0.22639747,-0.07691807,1,1,tp
-0.20851457,-0.14518102,1,1,tp
0.26819077,-0.59624904,0,1,fn
-0.08794854,0.15392132,1,1,tp
-0.6980646,0.07561683,1,1,tp
0.20492236,-0.46474424,0,1,fn
-0.3217425,0.15867363,1,1,tp
0.16798986,-0.46452895,0,1,fn
-0.818103,0.8713024,1,1,tp
-0.059595793,-0.3294008,0,1,fn
-0.6288608,0.6481045,1,1,tp
-0.5568667,0.19232766,1,1,tp
-0.55662745,-0.010336526,1,1,tp
-0.13848692,-0.3855002,0,1,fn
-0.23435888,0.49988994,1,1,tp
-0.5191774,0.0133744255,1,1,tp
-0.912158,0.96839476,1,1,tp
0.26827523,-0.58996814,0,1,fn
-0.8394899,0.93218595,1,1,tp
-0.4994359,0.6607011,1,1,tp
-0.45464012,0.06779448,1,1,tp
-0.6413227,0.7300856,1,1,tp
-0.7551777,0.75087094,1,1,tp
-0.24728946,0.021353438,1,1,tp
-0.7098306,0.345943,1,1,tp
-0.18646015,-0.032947667,1,1,tp
-0.6873001,0.692969,1,1,tp
-0.747951,0.833217,1,1,tp
0.49382022,-0.92469937,0,1,fn
0.17563953,-0.59227914,0,1,fn
-0.095474295,-0.15620123,0,1,fn
-0.1588973,-0.15569097,1,1,tp
0.10477083,-0.49938485,0,1,fn
0.78929156,-0.5380649,0,1,fn
-0.94715744,0.764594,1,1,tp
0.02354917,-0.4605384,0,1,fn
-0.521157,-0.006238394,1,1,tp
0.14079632,-0.55172974,0,1,fn
-0.4848401,0.024173401,1,1,tp
-0.26329532,-0.24605335,1,1,tp
-0.5180303,0.6448369,1,1,tp
-0.37270033,0.29840785,1,1,tp
-0.55474657,0.4107575,1,1,tp
-0.0059234085,-0.48095378,0,1,fn
0.011004966,-0.42032355,0,1,fn
-0.800021,0.65755194,1,1,tp
-0.38911763,-0.1718258,1,1,tp
0.16195889,-0.5882737,0,1,fn
-0.6009863,0.7424031,1,1,tp
-0.8599991,0.856708,1,1,tp
-0.78991,0.8598073,1,1,tp
0.032807898,-0.38534215,0,1,fn
0.12380681,-0.1532795,0,1,fn
-0.38976496,0.60033673,1,1,tp
-0.6111609,0.1098158,1,1,tp
-0.21244428,-0.3141304,0,1,fn
-0.7883021,0.8883106,1,1,tp
-0.19570419,-0.21456687,0,1,fn
-0.45918986,0.039685465,1,1,tp
-0.68190944,0.8385634,1,1,tp
0.08886267,-0.5020349,0,1,fn
-0.9969957,0.7545144,1,1,tp
-0.32968882,-0.13238518,1,1,tp
-0.16567808,-0.2795825,0,1,fn
-0.8077905,0.8488406,1,1,tp
-1.0455961,1.1303179,1,1,tp
-0.6292791,-0.008569084,1,1,tp
-0.7275699,0.26097074,1,1,tp
-0.53822434,0.04042422,1,1,tp
-0.61539906,0.706706,1,1,tp
-0.6839018,0.7005833,1,1,tp
-0.70495766,0.7939088,1,1,tp
-0.85337824,0.29511887,1,1,tp
-0.7974948,0.5162342,1,1,tp
-0.84023684,0.6774305,1,1,tp
-0.89341325,0.99424493,1,1,tp
-0.54408854,0.6393637,1,1,tp
-0.8100177,1.059026,1,1,tp
-0.76574856,0.80120397,1,1,tp
-0.111285076,-0.19459586,0,1,fn
-0.8576245,1.0094768,1,1,tp
-0.7104555,0.7703638,1,1,tp
-0.53496426,0.17335282,1,1,tp
-0.7302961,0.91047317,1,1,tp
-0.10978209,-0.2566526,0,1,fn
-0.53404754,0.02978941,1,1,tp
0.20735534,-0.44123915,0,1,fn
-0.6130718,0.70666254,1,1,tp
-0.012875399,-0.40747306,0,1,fn
-0.8613358,0.8709731,1,1,tp
0.10540678,-0.27919617,0,1,fn
-0.6657688,0.13655515,1,1,tp
-0.29065987,-0.2934457,0,1,fn
-0.5149661,0.024239443,1,1,tp
-0.65907925,0.9331215,1,1,tp
-0.06344115,0.016378969,1,1,tp
-0.45773855,-0.10201079,1,1,tp
-0.25643623,-0.34602013,0,1,fn
-0.38510713,-0.012166254,1,1,tp
-0.40938613,-0.11426916,1,1,tp
0.26768184,-0.36631832,0,1,fn
-0.56831115,0.68103844,1,1,tp
0.025146753,-0.39325485,0,1,fn
-0.024438368,-0.15619941,0,1,fn
-0.8506772,0.9753056,1,1,tp
-0.7731028,0.37572336,1,1,tp
0.15375648,-0.593324,0,1,fn
-0.4048899,0.007063664,1,1,tp
-0.03774044,-0.6210303,0,1,fn
0.27121028,-0.6301172,0,1,fn
-0.5218324,0.7296831,1,1,tp
-0.3049271,-0.13421679,1,1,tp
-0.49844027,-0.04168678,1,1,tp
-0.5271383,-0.05203922,1,1,tp
-0.9899619,1.1047621,1,1,tp
0.0238416,-0.64632195,0,1,fn
-0.6984001,0.35106227,1,1,tp
-0.9423778,1.0470895,1,1,tp
0.25083062,-0.15688388,0,1,fn
0.25883892,-0.6082967,0,1,fn
-0.00021557664,-0.25084865,0,1,fn
-1.0456812,0.7761773,1,1,tp
-0.60009396,0.025485255,1,1,tp
0.15750073,-0.4732456,0,1,fn
0.5046914,-1.1228616,0,1,fn
-0.14842887,-0.2738648,0,1,fn
-0.7282036,0.34377274,1,1,tp
0.080898695,-0.058230817,0,1,fn
0.29801163,-0.90021694,0,1,fn
-0.31755963,0.3825657,1,1,tp
0.043234304,-0.44814068,0,1,fn
-0.28420326,-0.34938866,0,1,fn
-0.5362914,0.21502407,1,1,tp
-0.005787607,-0.53902406,0,1,fn
0.19229925,-0.44008657,0,1,fn
-0.56090534,-0.1404827,1,1,tp
0.2442946,-0.21956255,0,1,fn
-0.84557766,0.32364702,1,1,tp
0.09541512,-0.7342965,0,1,fn
-0.414422,0.12422618,1,1,tp
-0.29852715,-0.14887504,1,1,tp
-0.33709475,-0.20017889,1,1,tp
-0.80694103,0.8312958,1,1,tp
0.054300092,-0.22668573,0,1,fn
-0.77867454,0.6193697,1,1,tp
-0.42050686,0.555994,1,1,tp
-0.9719469,0.7819051,1,1,tp
-0.00299976,-0.43706232,0,1,fn
-0.67239267,0.77767754,1,1,tp
-0.5790309,-0.08440796,1,1,tp
-0.13695568,-0.11491919,1,1,tp
0.25386694,-0.6813585,0,1,fn
-0.6736526,0.7836085,1,1,tp
-0.25354236,0.47665843,1,1,tp
-0.79438144,0.8972864,1,1,tp
-0.73313856,0.295296,1,1,tp
-0.04753731,-0.23475398,0,1,fn
0.19289373,-0.32228908,0,1,fn
-0.13420618,0.18262398,1,1,tp
0.14717709,-0.60493296,0,1,fn
-0.7706176,0.8841651,1,1,tp
-0.62823355,0.7829632,1,1,tp
-1.0157238,1.0977615,1,1,tp
-0.5941726,0.53401726,1,1,tp
-0.6329344,0.8175325,1,1,tp
-0.9173277,0.79236656,1,1,tp
-0.77713376,0.073975585,1,1,tp
-0.19909209,-0.3141251,0,1,fn
0.19593991,-0.47078755,0,1,fn
-0.65526086,0.61198443,1,1,tp
-0.5950182,0.11105577,1,1,tp
-0.40127358,-0.18327212,1,1,tp
-0.52635735,-0.119687684,1,1,tp
-0.8413961,0.54233295,1,1,tp
-0.4344663,0.67640567,1,1,tp
-0.19256186,-0.109557696,1,1,tp
-1.1016924,1.1710105,1,1,tp
-0.9751143,0.993339,1,1,tp
-0.8930569,0.9645506,1,1,tp
-0.80755454,0.43927425,1,1,tp
-0.70118684,0.7592352,1,1,tp
-0.56482136,0.13218729,1,1,tp
0.10032452,-0.23987868,0,1,fn
-0.29661593,-0.2168479,1,1,tp
-0.4968914,0.6548465,1,1,tp
-0.76237255,0.90022945,1,1,tp
-0.7734942,0.3879938,1,1,tp
-0.7504706,0.6298322,1,1,tp
0.19834994,-0.6598585,0,1,fn
0.4963058,-0.83413285,0,1,fn
-0.8727848,0.8006547,1,1,tp
-1.0954022,0.6311782,1,1,tp
-0.78660125,0.46235594,1,1,tp
-0.8795464,1.0668815,1,1,tp
-0.34168935,-0.10726147,1,1,tp
-0.3745993,-0.13361539,1,1,tp
-0.6665832,0.79357886,1,1,tp
0.2919358,-0.8493423,0,1,fn
-0.18738265,-0.33113664,0,1,fn
-0.907272,0.9253344,1,1,tp
0.16877498,-0.25406176,0,1,fn
-0.47984555,-0.07057052,1,1,tp
-0.55930215,0.70291275,1,1,tp
-0.8405557,0.88626045,1,1,tp
-0.7622623,1.0576099,1,1,tp
-0.43321365,0.665477,1,1,tp
-0.28782535,0.3722111,1,1,tp
-0.7358087,0.8265757,1,1,tp
0.091084026,-0.7085356,0,1,fn
0.04302664,-0.48953506,0,1,fn
0.11780434,-0.5822949,0,1,fn
-0.5145886,0.07955489,1,1,tp
-0.9779832,1.0636655,1,1,tp
-0.604005,0.74979866,1,1,tp
-0.5710575,0.77420735,1,1,tp
-0.5769436,0.41837874,1,1,tp
-0.5955904,0.8424201,1,1,tp
-0.8590177,0.92988366,1,1,tp
-0.7744425,0.8041887,1,1,tp
-0.7478698,0.59871596,1,1,tp
-0.48361495,-0.122190334,1,1,tp
0.09191559,-0.27629748,0,1,fn
0.50997263,-1.0028775,0,1,fn
-0.33984116,-0.3438471,0,1,fn
-0.7577517,0.19574581,1,1,tp
-0.98292804,0.9910597,1,1,tp
-0.5391609,0.6112151,1,1,tp
-0.5746096,0.67027426,1,1,tp
-0.62608975,0.73646283,1,1,tp
-0.87739867,0.88938385,1,1,tp
-0.8065594,0.82685435,1,1,tp
-1.0676538,0.6179893,1,1,tp
-0.4452787,-0.1421865,1,1,tp
-0.65854436,-0.009214215,1,1,tp
-0.0028291529,-0.313837,0,1,fn
-0.7844345,0.8695105,1,1,tp
-0.88490117,0.42682084,1,1,tp
-0.8896796,0.90809524,1,1,tp
-0.792546,0.90252364,1,1,tp
-1.0010915,0.7184868,1,1,tp
-0.5455538,-0.02965603,1,1,tp
-0.025294125,-0.40994155,0,1,fn
-0.73981905,0.8182287,1,1,tp
-0.7506453,0.8868008,1,1,tp
-0.93750554,0.8700606,1,1,tp
-0.804568,0.23793532,1,1,tp
0.17386676,-0.4357404,0,1,fn
-0.5840946,0.45715705,1,1,tp
-0.21039183,-0.06989814,1,1,tp
-0.5989116,0.011325248,1,1,tp
-0.66955715,0.80112565,1,1,tp
-0.60444427,0.64083433,1,1,tp
0.013224177,-0.3536215,0,1,fn
-0.44057867,0.075933024,1,1,tp
0.3015724,-0.770826,0,1,fn
-0.362699,-0.15482615,1,1,tp
-0.97075593,1.0351956,1,1,tp
-0.10362577,0.033521317,1,1,tp
0.23910744,-0.57722574,0,1,fn
-0.23290424,-0.195244,1,1,tp
-0.4908227,-0.105244316,1,1,tp
-0.42550832,-0.069355644,1,1,tp
-0.7944064,0.4291313,1,1,tp
-0.80017656,0.7026329,1,1,tp
-0.80675983,1.0300918,1,1,tp
-0.2301956,0.022866797,1,1,tp
-0.07084285,-0.29978314,0,1,fn
-0.31867227,-0.25036603,1,1,tp
-0.8585312,1.1352584,1,1,tp
0.15743518,-0.6399476,0,1,fn
-0.69885707,0.81624585,1,1,tp
-0.5519487,0.79328007,1,1,tp
-0.98822445,0.73940086,1,1,tp
-0.7051157,0.1331344,1,1,tp
-0.7213781,0.8427325,1,1,tp
-1.0155346,1.0662744,1,1,tp
-0.23151536,-0.18356289,1,1,tp
-1.043245,1.1893681,1,1,tp
0.22654818,-0.67218035,0,1,fn
0.44358256,-0.28726324,0,1,fn
-0.67566377,0.89971596,1,1,tp
0.1190201,-0.62802535,0,1,fn
-0.88673145,1.125139,1,1,tp
-0.71138865,0.9218528,1,1,tp
-0.5491939,0.2910653,1,1,tp
-0.68139523,0.6349918,1,1,tp
0.18931766,-0.6779857,0,1,fn
-0.7397204,0.7534904,1,1,tp
-0.47227314,-0.12579563,1,1,tp
-0.79641193,0.26663965,1,1,tp
-0.6026187,0.48645797,1,1,tp
-0.91021603,1.0185101,1,1,tp
-0.6042579,0.81955427,1,1,tp
-0.7133022,0.97982514,1,1,tp
0.29705444,-0.5657429,0,1,fn
-0.42592832,0.6127727,1,1,tp
-0.6310758,-0.0033691006,1,1,tp
-0.8850084,0.93189937,1,1,tp
0.2403514,-0.33976156,0,1,fn
-0.56838256,0.67967194,1,1,tp
-0.15224405,-0.33491126,0,1,fn
-0.03118765,-0.23018429,0,1,fn
-0.8024865,0.69292176,1,1,tp
-0.3529974,-0.27167338,1,1,tp
-0.83331496,0.6627011,1,1,tp
-0.7552208,0.9421375,1,1,tp
-0.60126776,0.8355592,1,1,tp
0.07882861,-0.44776797,0,1,fn
-0.80593926,0.82517487,1,1,tp
0.22041532,-0.3047509,0,1,fn
-0.85815525,0.8656047,1,1,tp
0.6244648,-0.36476678,0,1,fn
-0.20242985,-0.24891903,0,1,fn
0.21843192,-0.6907061,0,1,fn
-0.9171239,0.9614198,1,1,tp
0.14372052,-0.53581864,0,1,fn
-0.55183417,0.04843571,1,1,tp
-0.9215608,0.9293161,1,1,tp
-0.01949991,-0.33302942,0,1,fn
-0.1881826,0.0053475047,1,1,tp
0.44366187,-0.83911854,0,1,fn
-0.68987733,0.2041635,1,1,tp
-0.67131466,0.25952113,1,1,tp
-0.61418587,0.841268,1,1,tp
-0.80620307,0.2436241,1,1,tp
-1.0012623,1.1358554,1,1,tp
0.14225045,-0.62721807,0,1,fn
-0.5391807,-0.048570707,1,1,tp
-0.47917867,0.02063322,1,1,tp
-0.010412507,-0.6368884,0,1,fn
0.35253516,-0.44617906,0,1,fn
0.3010846,-0.8220648,0,1,fn
-0.22355784,-0.16646844,1,1,tp
-0.5758152,0.7687737,1,1,tp
-0.7795043,0.7371945,1,1,tp
-0.8575142,0.8196954,1,1,tp
-0.24855293,-0.27096424,0,1,fn
-0.55027205,-0.038020454,1,1,tp
-0.7871198,0.61002326,1,1,tp
0.004410085,-0.46445668,0,1,fn
0.3387963,-0.54257315,0,1,fn
-0.31733397,-0.2093724,1,1,tp
-0.34664842,-0.1995003,1,1,tp
-0.1639346,-0.123339586,1,1,tp
-0.07752,-0.34553668,0,1,fn
0.17955483,-0.5084669,0,1,fn
0.3416542,-0.74754226,0,1,fn
-1.155197,1.2703298,1,1,tp
-0.49558342,0.6598132,1,1,tp
-0.24639533,-0.30966818,0,1,fn
-0.6414542,0.32350007,1,1,tp
-0.39754912,0.0010902208,1,1,tp
0.2682275,-0.62818056,0,1,fn
-0.8768142,0.9414783,1,1,tp
-0.3975337,0.6447012,1,1,tp
-0.84878045,0.9714818,1,1,tp
0.3091945,-0.41475084,0,1,fn
0.18595953,-0.6374669,0,1,fn
0.11436733,-0.37506458,0,1,fn
-0.6215401,0.07832246,1,1,tp
-0.70694494,0.44008854,1,1,tp
-0.33979157,-0.2963783,1,1,tp
-0.7874627,0.97625905,1,1,tp
-0.2133692,-0.22294727,0,1,fn
-0.7900549,0.7879025,1,1,tp
-0.7682634,0.6326383,1,1,tp
0.14319764,-0.3104517,0,1,fn
-0.91052324,0.983365,1,1,tp
-0.6659404,0.75579816,1,1,tp
-0.7446808,0.7472816,1,1,tp
0.15380983,-0.40649244,0,1,fn
-0.95350343,1.0211065,1,1,tp
-0.59889525,0.33825168,1,1,tp
-0.66983944,0.79771656,1,1,tp
-0.16709079,-0.28537288,0,1,fn
-0.5489302,0.54572487,1,1,tp
-0.9812573,1.1166624,1,1,tp
-1.0382632,1.19421,1,1,tp
-0.5892006,0.062046565,1,1,tp
-0.6247308,0.7005132,1,1,tp
-0.35235867,-0.085806735,1,1,tp
0.29442468,-0.7064801,0,1,fn
-0.18064667,-0.24335995,0,1,fn
-0.97081476,0.96273243,1,1,tp
-0.7710069,0.12451853,1,1,tp
-0.3585892,-0.033365406,1,1,tp
-0.5079323,-0.06275261,1,1,tp
-0.63264376,0.71085906,1,1,tp
-0.79082507,0.8027643,1,1,tp
-1.0151904,1.006043,1,1,tp
-1.1062802,1.0601149,1,1,tp
-1.0550946,0.6560869,1,1,tp
-0.8082078,0.88064414,1,1,tp
0.30392244,-0.83333355,0,1,fn
-0.5608384,-0.060591914,1,1,tp
-0.30779794,-0.2413235,1,1,tp
-0.75613475,0.78788066,1,1,tp
-0.29514053,-0.11108348,1,1,tp
-0.54385597,0.056664534,1,1,tp
-0.46660212,0.07758852,1,1,tp
-0.45630476,-0.12394375,1,1,tp
-1.0341296,0.32520837,1,1,tp
-0.63754475,0.8134212,1,1,tp
-0.3451585,-0.13559154,1,1,tp
-0.74560255,0.9934301,1,1,tp
-0.15623833,0.009763941,1,1,tp
-0.57820064,0.25162217,1,1,tp
-0.65689653,0.28091148,1,1,tp
0.06457593,-0.56713015,0,1,fn
-0.6527352,0.71616787,1,1,tp
-0.71411794,0.53492326,1,1,tp
0.12720452,-0.26441747,0,1,fn
-0.6736822,0.86482877,1,1,tp
-0.59983605,0.7791696,1,1,tp
-0.21865307,-0.109552376,1,1,tp
-0.2835314,0.016048647,1,1,tp
-0.5631314,0.044971652,1,1,tp
-0.7055792,0.749443,1,1,tp
-0.21644525,-0.29947248,0,1,fn
-0.77048236,1.0364473,1,1,tp
-0.031903945,-0.20162289,0,1,fn
-1.0803914,1.0680085,1,1,tp
-0.8201491,0.8975848,1,1,tp
-0.6900655,0.797799,1,1,tp
-0.88914376,0.6547906,1,1,tp
0.732683,-0.72491425,0,1,fn
-0.06380057,-0.10687187,0,1,fn
0.11685295,-0.50812966,0,1,fn
-0.1476365,-0.27577314,0,1,fn
-0.16237147,-0.01666268,1,1,tp
-0.22792374,-0.28669146,0,1,fn
-0.324985,-0.080656685,1,1,tp
0.34054968,-1.1050627,0,1,fn
-0.8650525,0.73313874,1,1,tp
-0.8290932,0.67456675,1,1,tp
-0.67440027,0.7838184,1,1,tp
-0.3982319,-0.15857881,1,1,tp
-0.5741798,-0.06138263,1,1,tp
-0.58014673,0.023031272,1,1,tp
-0.0852712,-0.1925842,0,1,fn
-0.6243018,0.07160473,1,1,tp
-0.13098675,-0.13845615,0,1,fn
-0.5667892,0.57023466,1,1,tp
-0.59895843,0.6937856,1,1,tp
-0.35016587,0.10756582,1,1,tp
-0.9471521,1.0268219,1,1,tp
-0.21311925,-0.11816443,1,1,tp
-0.7057642,0.86867756,1,1,tp
-0.5952175,0.78772926,1,1,tp
-0.6483783,0.79211915,1,1,tp
-0.05232006,-0.32008046,0,1,fn
-0.5607145,0.69281965,1,1,tp
-0.3938096,-0.24001075,1,1,tp
-0.8587609,1.0314455,1,1,tp
-1.2728232,1.3939615,1,1,tp
-0.5902092,0.08922755,1,1,tp
-0.83944803,0.9231829,1,1,tp
-0.7519582,0.9403739,1,1,tp
-0.019087028,0.019842647,1,1,tp
-0.042620745,-0.33336803,0,1,fn
-0.45167455,0.4914048,1,1,tp
-0.7506474,0.82971674,1,1,tp
-0.77026314,0.6969448,1,1,tp
-0.8364878,0.45019886,1,1,tp
-0.46637386,-0.17277643,1,1,tp
-0.40105677,-0.12838128,1,1,tp
-0.2944871,-0.1354132,1,1,tp
-0.03548333,-0.31876138,0,1,fn
-0.78190553,0.7860101,1,1,tp
-1.0178634,0.50184196,1,1,tp
0.49821463,-0.8865083,0,1,fn
-0.4592244,0.62778646,1,1,tp
-0.756625,0.25847143,1,1,tp
0.04203043,-0.20240848,0,1,fn
-0.9221601,0.92086655,1,1,tp
-0.59012043,-0.060898952,1,1,tp
-0.1965733,-0.18087558,1,1,tp
-0.40891275,0.5574196,1,1,tp
0.043235354,-0.36440757,0,1,fn
-0.9282655,0.9563248,1,1,tp
-0.65170705,0.75049365,1,1,tp
-0.7367021,0.7937136,1,1,tp
-0.9835923,1.0167246,1,1,tp
-0.6328966,0.9026285,1,1,tp
0.29723966,-0.34870124,0,1,fn
-0.6724901,0.77866155,1,1,tp
-0.79324573,0.81542486,1,1,tp
-0.828978,0.22330369,1,1,tp
-0.019490436,-0.45013192,0,1,fn
-0.45218405,-0.11486108,1,1,tp
-0.9516388,1.0538661,1,1,tp
-0.7114101,0.8295378,1,1,tp
0.027038742,-0.3773549,0,1,fn
-0.7017104,0.83245677,1,1,tp
-0.73881644,0.8405721,1,1,tp
-0.72378635,0.8650952,1,1,tp
-0.8082672,0.8839635,1,1,tp
-0.43853793,0.62145764,1,1,tp
-0.7027678,0.8303864,1,1,tp
-0.5703526,0.13008435,1,1,tp
-0.69023424,0.14588566,1,1,tp
0.026367495,-0.44850573,0,1,fn
0.17971125,-0.73747236,0,1,fn
0.35624826,-0.24341144,0,1,fn
0.30764136,-0.85950893,0,1,fn
-0.2162743,-0.24529651,0,1,fn
-1.0243607,1.0813308,1,1,tp
-0.42503408,0.45153102,1,1,tp
0.2742212,-0.75148743,0,1,fn
-0.11079927,-0.3989996,0,1,fn
-0.057103775,-0.37876073,0,1,fn
-0.51076335,-0.08530971,1,1,tp
-0.59240276,0.0498584,1,1,tp
-0.78364366,0.77085316,1,1,tp
-0.6220389,0.59074014,1,1,tp
-0.8459643,0.9343386,1,1,tp
-0.05887129,-0.3885919,0,1,fn
0.24086483,-0.5098726,0,1,fn
0.36511004,-0.5802273,0,1,fn
-0.45805386,0.102487095,1,1,tp
-0.7902124,0.278724,1,1,tp
0.68588173,-0.6094154,0,1,fn
0.32174715,-0.631455,0,1,fn
-0.5529084,0.030442901,1,1,tp
-0.46444175,-0.00911935,1,1,tp
-0.73117316,0.8261571,1,1,tp
-0.07473168,-0.36459127,0,1,fn
-0.8568786,0.85522336,1,1,tp
-0.78712803,0.47432962,1,1,tp
-0.54400975,0.58050394,1,1,tp
-0.28359297,-0.17574318,1,1,tp
-0.035386063,-0.34913492,0,1,fn
0.16916986,-0.39644817,0,1,fn
0.020957422,-0.47755322,0,1,fn
-0.04831107,-0.45270184,0,1,fn
-0.63000125,0.053028338,1,1,tp
0.33698353,-0.72562546,0,1,fn
-0.36128214,-0.15503049,1,1,tp
-0.7031303,0.8285942,1,1,tp
-0.28219306,-0.18924136,1,1,tp
-0.7311074,0.8760051,1,1,tp
-0.24402414,-0.26517138,0,1,fn
0.5956424,-0.7589617,0,1,fn
-0.32036024,-0.17838271,1,1,tp
-0.8551766,0.88302535,1,1,tp
0.0555904,-0.36019874,0,1,fn
-0.5644905,0.09009712,1,1,tp
-0.29881707,-0.2291648,1,1,tp
-0.5314756,0.24191903,1,1,tp
0.1390718,-0.4015394,0,1,fn
0.061959077,-0.4970669,0,1,fn
0.18758112,-0.47708765,0,1,fn
-0.98075855,1.1263366,1,1,tp
-0.004169959,-0.43674836,0,1,fn
0.28885466,-0.05854983,0,1,fn
-0.17187469,-0.23998156,0,1,fn
0.15104847,-0.6759059,0,1,fn
-0.29633376,-0.21798663,1,1,tp
-0.27790895,-0.110934086,1,1,tp
0.42072895,-0.7439781,0,1,fn
0.31864986,-0.7164852,0,1,fn
-0.06351529,-0.4213782,0,1,fn
-0.9179015,0.95136935,1,1,tp
-0.051215556,-0.4702613,0,1,fn
-0.6977794,0.3922534,1,1,tp
-0.61597383,0.27332318,1,1,tp
0.2978184,-0.71039706,0,1,fn
-0.64510065,0.8512812,1,1,tp
-0.3721135,-0.0059059937,1,1,tp
-0.72962767,0.24606757,1,1,tp
-0.7777172,0.88204753,1,1,tp
-0.2856456,-0.207563,1,1,tp
-0.91882485,0.92006946,1,1,tp
0.0773335,-0.5761052,0,1,fn
0.123929314,-0.5704568,0,1,fn
-0.8245093,0.8591135,1,1,tp
-0.7019206,0.32265604,1,1,tp
0.6829886,-0.86290425,0,1,fn
-0.6263394,0.53357553,1,1,tp
-0.51972663,0.1505609,1,1,tp
0.33448923,-0.70404524,0,1,fn
0.26070333,-0.800463,0,1,fn
-0.5253106,-0.029401653,1,1,tp
-0.5421826,0.04176808,1,1,tp
-0.22583576,-0.33315748,0,1,fn
0.064093076,-0.33105087,0,1,fn
-0.9496575,0.88531333,1,1,tp
-0.07794586,-0.3258126,0,1,fn
-0.7079459,0.6942041,1,1,tp
-0.88222533,0.9258998,1,1,tp
-0.7609846,0.76186603,1,1,tp
-0.7180543,0.8110278,1,1,tp
-0.9307316,0.9837609,1,1,tp
-0.1650902,-0.35355678,0,1,fn
0.2721264,-0.58697426,0,1,fn
-0.29379335,0.14887118,1,1,tp
-0.4247218,-0.053286903,1,1,tp
0.4805097,-0.8261182,0,1,fn
0.23382638,-0.6197977,0,1,fn
-0.5863923,0.12423235,1,1,tp
0.27852955,-0.60087603,0,1,fn
-0.8371653,0.7853627,1,1,tp
-0.18008785,-0.13515507,1,1,tp
-0.30244005,0.083357,1,1,tp
0.4105343,-0.37258807,0,1,fn
-0.4569283,0.5656836,1,1,tp
-0.19685152,-0.2668839,0,1,fn
-0.6632981,0.7334006,1,1,tp
-0.27907708,-0.2955904,0,1,fn
-0.8761618,0.90021616,1,1,tp
-0.7776759,0.866731,1,1,tp
-0.47997212,0.31019342,1,1,tp
-0.91311985,0.9958647,1,1,tp
-0.33997938,0.48723575,1,1,tp
0.16437685,-0.55450934,0,1,fn
0.17401475,-0.6865458,0,1,fn
-0.74594086,0.6611771,1,1,tp
-0.5820404,0.037652545,1,1,tp
-0.27553818,-0.003338978,1,1,tp
-0.444753,-0.09936503,1,1,tp
-0.03783917,-0.38799396,0,1,fn
-0.62902546,0.90098804,1,1,tp
-0.6664292,0.7507304,1,1,tp
-0.77094454,0.92180413,1,1,tp
-0.24797554,-0.33169717,0,1,fn
-0.18010859,-0.2440021,0,1,fn
0.06365895,-0.5528832,0,1,fn
-0.6395553,0.676,1,1,tp
-0.22011417,-0.24226815,0,1,fn
0.10888629,-0.43007958,0,1,fn
-0.9226867,0.9995443,1,1,tp
0.3648428,-0.84626037,0,1,fn
-0.30941907,-0.24668278,1,1,tp
-0.028392754,-0.36646134,0,1,fn
-0.80755705,0.89919907,1,1,tp
0.24543612,-0.7318481,0,1,fn
-0.7181949,0.5956853,1,1,tp
-0.22915624,-0.1581086,1,1,tp
-0.5270029,0.7183425,1,1,tp
-0.7845169,0.23439856,1,1,tp
-0.4599973,0.004005156,1,1,tp
0.5290455,-0.4179253,0,1,fn
-0.42759308,-0.04204733,1,1,tp
-0.95248365,1.042348,1,1,tp
-0.6201987,0.77468735,1,1,tp
-0.4550866,-0.103463165,1,1,tp
0.31637743,-0.5728624,0,1,fn
-0.28171295,-0.23524812,1,1,tp
-0.45659775,-0.105410315,1,1,tp
-0.8422104,0.9192111,1,1,tp
-0.34835845,-0.17475165,1,1,tp
-0.23255269,-0.16463746,1,1,tp
-0.628964,0.08484872,1,1,tp
-0.36988938,0.37946662,1,1,tp
0.25038525,-0.67297864,0,1,fn
-0.7678767,0.89246476,1,1,tp
-0.82324475,0.91805357,1,1,tp
-0.9688293,0.7363111,1,1,tp
-0.51437664,-0.15081489,1,1,tp
-0.61945194,0.23744997,1,1,tp
-0.013076093,-0.31809714,0,1,fn
0.014471848,-0.38279948,0,1,fn
-0.10749356,-0.2681897,0,1,fn
-0.5805201,0.049613394,1,1,tp
-0.79126817,0.87622195,1,1,tp
-0.50865334,0.10879983,1,1,tp
-0.020316772,-0.3914124,0,1,fn
0.14820533,-0.28014365,0,1,fn
-0.39439455,-0.13199057,1,1,tp
0.245603,-0.6421531,0,1,fn
-0.11928259,-0.1655548,0,1,fn
-0.31004447,-0.26380315,1,1,tp
-0.6222442,0.18366213,1,1,tp
0.21799766,-0.43242964,0,1,fn
-0.9581736,0.49866986,1,1,tp
-0.2595522,0.13707854,1,1,tp
-0.35359493,-0.106403835,1,1,tp
-0.6603877,0.48606417,1,1,tp
-0.6531009,0.049387336,1,1,tp
-0.14505088,-0.31801808,0,1,fn
-0.706708,0.34631482,1,1,tp
-0.3297974,0.006119571,1,1,tp
-0.41369262,-0.21178116,1,1,tp
-0.61012846,0.21632166,1,1,tp
-0.7572177,0.3080596,1,1,tp
-0.685924,0.74807286,1,1,tp
-0.5241923,0.7570303,1,1,tp
-0.519546,0.042041413,1,1,tp
-0.7114457,0.7785438,1,1,tp
-0.5100585,-0.050690047,1,1,tp
0.3938044,-0.47118887,0,1,fn
-0.16495876,-0.216069,0,1,fn
-0.4219827,-0.06700515,1,1,tp
-0.8479993,0.7211611,1,1,tp
-0.87037736,0.9588285,1,1,tp
-0.16002285,-0.24474454,0,1,fn
-0.33997554,0.3759987,1,1,tp
-0.5571319,0.83651876,1,1,tp
-0.25346884,-0.13077383,1,1,tp
0.030844051,-0.29100522,0,1,fn
0.29005215,-0.42722473,0,1,fn
-0.8303099,0.76485956,1,1,tp
-0.7885557,0.97875375,1,1,tp
-0.5247994,-0.0006380755,1,1,tp
-0.13150373,-0.25265917,0,1,fn
-0.9765388,1.0760078,1,1,tp
-0.26895714,0.4215599,1,1,tp
-0.24940874,0.19073178,1,1,tp
-0.48659655,-0.1432348,1,1,tp
0.76139617,-1.2326494,0,1,fn
-0.39441553,-0.13600133,1,1,tp
-0.26379737,-0.25966048,1,1,tp
-0.121050216,-0.28703266,0,1,fn
-0.66878885,0.7176755,1,1,tp
-0.38445818,-0.09750783,1,1,tp
-0.93867356,1.0249784,1,1,tp
-0.39990017,-0.12265227,1,1,tp
-0.7079505,0.16530694,1,1,tp
0.4356101,-0.79352903,0,1,fn
-0.7794538,0.8425918,1,1,tp
-0.3350482,0.25916806,1,1,tp
0.42742783,-0.80423385,0,1,fn
-0.24775451,-0.16889538,1,1,tp
-0.5544456,-0.057344384,1,1,tp
0.13267651,-0.47636974,0,1,fn
-0.5494379,0.563666,1,1,tp
-0.5263965,-0.09087,1,1,tp
-0.796616,0.92383975,1,1,tp
-0.9633389,1.0127919,1,1,tp
-0.72534853,0.74292785,1,1,tp
-0.42953512,-0.11529977,1,1,tp
-0.519465,0.60280067,1,1,tp
-0.81190354,0.98952824,1,1,tp
-0.6185281,0.7596622,1,1,tp
-0.3064796,-0.23057714,1,1,tp
-0.42296198,-0.10164501,1,1,tp
-0.7784404,0.9268529,1,1,tp
0.004781375,-0.179785,0,1,fn
0.12580092,-0.37663528,0,1,fn
-0.4583247,-0.1209949,1,1,tp
-0.80194575,0.84589493,1,1,tp
-0.7191123,0.81343424,1,1,tp
-0.8070627,0.94780046,1,1,tp
0.31447265,-0.8168332,0,1,fn
-0.12280803,-0.317888,0,1,fn
0.34921452,-0.6569864,0,1,fn
-0.5381804,-0.029670395,1,1,tp
-0.83269656,0.552756,1,1,tp
-0.65630287,0.15197858,1,1,tp
0.17541608,-0.48905903,0,1,fn
-0.704422,0.6961729,1,1,tp
-0.087224886,-0.21442305,0,1,fn
-0.48920465,0.47156933,1,1,tp
-0.94037604,0.32212356,1,1,tp
-0.6712791,0.7678358,1,1,tp
-0.4135251,-0.11569288,1,1,tp
-0.52565056,-0.038306884,1,1,tp
-0.68947965,0.7853394,1,1,tp
-0.7476091,0.19240542,1,1,tp
0.07395469,-0.5947249,0,1,fn
-0.34252617,-0.1348742,1,1,tp
-0.16828248,-0.36618754,0,1,fn
-0.61771077,0.7632367,1,1,tp
-0.82933587,0.8841044,1,1,tp
-0.68951255,0.7498584,1,1,tp
-0.6508312,0.12322212,1,1,tp
-0.63999015,0.6399359,1,1,tp
0.36686647,-0.90222347,0,1,fn
0.18421282,-0.43417725,0,1,fn
-0.046473946,-0.42190024,0,1,fn
-0.9174616,0.44019994,1,1,tp
-0.7227577,0.7463475,1,1,tp
-0.30677146,0.058019307,1,1,tp
-0.3309643,-0.11634541,1,1,tp
-0.7643347,0.8880819,1,1,tp
-0.70549256,0.7973689,1,1,tp
-0.10722367,-0.35769832,0,1,fn
-0.8276513,0.9748115,1,1,tp
-1.0563605,1.0785859,1,1,tp
-0.708457,0.056657977,1,1,tp
-0.47001383,-0.07374481,1,1,tp
-0.32109776,-0.03061653,1,1,tp
-0.8268654,0.8700362,1,1,tp
-0.53518975,0.6487828,1,1,tp
-0.7977142,0.9236249,1,1,tp
-0.6944947,0.63670707,1,1,tp
-0.15096954,-0.29992718,0,1,fn
-0.45410636,0.039244138,1,1,tp
-0.15686536,-0.29344743,0,1,fn
0.07234644,-0.4696444,0,1,fn
0.6852092,-1.0774555,0,1,fn
0.07742837,0.026360884,0,1,fn
-0.4585884,-0.18393163,1,1,tp
-0.5284392,-0.100788884,1,1,tp
-0.80109185,0.8547855,1,1,tp
-0.5083624,0.24126966,1,1,tp
0.26315045,-0.8399076,0,1,fn
0.26160985,-0.2561836,0,1,fn
-0.24372108,-0.2875762,0,1,fn
0.20125483,-0.71167403,0,1,fn
-0.49846175,-0.035572477,1,1,tp
-0.6586053,0.77460486,1,1,tp
-0.22093879,-0.23047076,0,1,fn
-0.114096776,-0.23044376,0,1,fn
0.10330083,-0.52107304,0,1,fn
0.1378749,-0.4553133,0,1,fn
-0.71094584,0.7573901,1,1,tp
-0.07174667,-0.2325096,0,1,fn
-0.60266834,0.4277692,1,1,tp
0.07304722,0.16360639,1,1,tp
-0.49069694,0.13028751,1,1,tp
-0.7255105,0.6649616,1,1,tp
-0.8044824,0.7881882,1,1,tp
0.2368445,-0.86825746,0,1,fn
-0.5372898,0.17324446,1,1,tp
-0.66768235,0.26288113,1,1,tp
-0.17723455,-0.3271142,0,1,fn
0.37162313,-0.5256919,0,1,fn
-0.51913965,-0.09804351,1,1,tp
-0.49990657,-0.05987995,1,1,tp
-0.26285818,0.004034586,1,1,tp
-0.6247186,0.6778486,1,1,tp
0.17349683,-0.4584215,0,1,fn
-0.18198092,-0.37325317,0,1,fn
-0.15271181,-0.3673652,0,1,fn
-0.857296,0.92575234,1,1,tp
0.32695642,-0.5338454,0,1,fn
0.048764646,-0.09426778,0,1,fn
-0.6985665,0.8100819,1,1,tp
-0.26744422,-0.1955498,1,1,tp
-0.84159964,0.58279014,1,1,tp
-0.18043333,-0.2248992,0,1,fn
-0.6226233,0.59326786,1,1,tp
-0.08442792,-0.35207063,0,1,fn
-0.3700272,0.6855199,1,1,tp
-0.7636197,0.6247869,1,1,tp
-0.38032544,0.46867272,1,1,tp
-0.9764499,1.050721,1,1,tp
0.651226,-0.48207474,0,1,fn
-0.71017337,0.7789948,1,1,tp
-0.5010596,-0.03785553,1,1,tp
-0.66318756,0.071191005,1,1,tp
0.0029010552,-0.3441956,0,1,fn
0.17683935,-0.6645307,0,1,fn
-0.8657238,1.0265796,1,1,tp
-0.39058214,-0.13633163,1,1,tp
-0.5347205,-0.023981906,1,1,tp
-0.21395545,-0.29792592,0,1,fn
-0.55195767,0.5518687,1,1,tp
0.14527346,-0.2858304,0,1,fn
-0.5613442,0.13379964,1,1,tp
-0.9910211,0.9202402,1,1,tp
-0.38661265,-0.09954051,1,1,tp
-0.56060773,0.7289024,1,1,tp
0.7127037,-0.769791,0,1,fn
-0.8845734,0.8936601,1,1,tp
-0.4305357,-0.049881786,1,1,tp
-0.49138257,0.07928217,1,1,tp
0.7450579,-0.71148705,0,1,fn
-0.7328669,0.13034163,1,1,tp
-0.2534167,-0.0839082,1,1,tp
0.08302805,0.07579761,0,1,fn
-0.9051979,0.9920028,1,1,tp
0.29790762,-0.78327304,0,1,fn
-0.7287703,0.69043887,1,1,tp
-0.4364147,0.6427268,1,1,tp
-1.0985684,0.9840309,1,1,tp
-0.23465334,-0.1575192,1,1,tp
0.028487567,-0.30385882,0,1,fn
-0.076742575,-0.35594913,0,1,fn
-0.46889132,0.11564226,1,1,tp
0.1506132,-0.53861195,0,1,fn
-0.39225152,-0.14528362,1,1,tp
-0.8143278,0.7098935,1,1,tp
-0.5099318,0.640487,1,1,tp
-0.88884354,0.9743464,1,1,tp
0.43285054,-0.52815783,0,1,fn
-0.66364056,0.11247026,1,1,tp
0.13937491,-0.6296372,0,1,fn
0.23764823,-0.6978354,0,1,fn
-0.51202726,0.4068646,1,1,tp
-0.6464102,0.775894,1,1,tp
0.3638014,-0.61639506,0,1,fn
-0.046625264,-0.27559352,0,1,fn
0.055945158,-0.41069493,0,1,fn
0.35451913,-0.5303207,0,1,fn
-0.59979486,0.61326104,1,1,tp
-0.5755759,0.67141753,1,1,tp
-0.4483457,0.52773017,1,1,tp
-0.41106632,0.15900673,1,1,tp
0.11206809,-0.51076525,0,1,fn
-0.30055752,-0.09685614,1,1,tp
-0.5878666,0.6314597,1,1,tp
-0.59363776,0.6044984,1,1,tp
-0.77548057,0.8284958,1,1,tp
0.03936717,-0.29050276,0,1,fn
-0.38429335,-0.1967461,1,1,tp
0.12331986,-0.042944603,0,1,fn
-0.8916948,1.0425313,1,1,tp
-0.53725064,-0.057673894,1,1,tp
-0.79313165,1.0015743,1,1,tp
0.021033458,-0.18734814,0,1,fn
-0.9249154,1.0443883,1,1,tp
-0.7482681,0.76403826,1,1,tp
-0.5503481,0.70813173,1,1,tp
-0.7139528,0.48137292,1,1,tp
0.3921065,-0.875828,0,1,fn
-0.45840284,-0.10736387,1,1,tp
-0.06086126,-0.44510227,0,1,fn
-0.8513993,0.538385,1,1,tp
-0.33069357,-0.10929518,1,1,tp
-0.04591828,-0.42133668,0,1,fn
0.20954321,-0.75083166,0,1,fn
-0.57814145,0.02580718,1,1,tp
-0.6053129,0.7037995,1,1,tp
-0.58663195,-0.0841239,1,1,tp
-0.2368293,-0.206653,1,1,tp
-0.6819867,0.30556044,1,1,tp
0.1600768,-0.6309735,0,1,fn
-0.4349378,-0.07070797,1,1,tp
-0.60990083,0.6966378,1,1,tp
-0.40414265,-0.017881073,1,1,tp
-0.7404538,0.9820043,1,1,tp
-0.7407097,0.89838594,1,1,tp
0.13496405,-0.3483329,0,1,fn
-0.47104833,-0.09741715,1,1,tp
-0.5592655,0.1356401,1,1,tp
-0.48925176,0.0083812475,1,1,tp
-0.75872105,0.1607108,1,1,tp
-0.1565351,-0.0587084,1,1,tp
-0.85480434,0.86883926,1,1,tp
-0.83023745,0.7773636,1,1,tp
0.11680142,-0.35274255,0,1,fn
0.030501023,-0.6278154,0,1,fn
0.37889597,-0.77708846,0,1,fn
-0.84285146,0.7156734,1,1,tp
-0.8860435,0.9394418,1,1,tp
-0.53501534,0.5656076,1,1,tp
-0.49735048,-0.05244776,1,1,tp
-0.821696,0.28690323,1,1,tp
-0.5065505,-0.012534417,1,1,tp
-0.44894356,0.10819308,1,1,tp
-0.9244487,1.0261345,1,1,tp
-0.21812397,0.056150816,1,1,tp
-0.33182827,-0.063779615,1,1,tp
0.32706296,-0.7343579,0,1,fn
-0.364933,-0.1104475,1,1,tp
-0.896288,1.0356821,1,1,tp
0.5300873,-0.99400634,0,1,fn
-0.4341236,0.632307,1,1,tp
-1.1782794,1.0685844,1,1,tp
-0.47088993,0.60255086,1,1,tp
-0.7304844,0.69805783,1,1,tp
-0.5656166,0.7350473,1,1,tp
-0.41840953,0.53180695,1,1,tp
0.002790835,-0.3942919,0,1,fn
-0.6837796,0.2785947,1,1,tp
-0.8376432,0.90029657,1,1,tp
-0.9817566,1.0961124,1,1,tp
-0.77519256,0.8497699,1,1,tp
-0.102661885,-0.2556171,0,1,fn
0.050745025,-0.41866472,0,1,fn
-0.890585,0.8942958,1,1,tp
0.59362406,-0.59468454,0,1,fn
0.45380235,-0.7409535,0,1,fn
-0.60211664,0.18353374,1,1,tp
-0.25805077,-0.11269973,1,1,tp
-0.49336424,0.13322604,1,1,tp
-0.38040417,0.39175153,1,1,tp
-0.552462,0.15474685,1,1,tp
0.12522988,-0.35235226,0,1,fn
-0.41739574,-0.11150349,1,1,tp
-0.25043538,-0.021273002,1,1,tp
-0.42451438,-0.17763571,1,1,tp
0.08947161,-0.4862675,0,0,tn
-0.16217475,-0.2454501,0,0,tn
0.21637295,-0.48082742,0,0,tn
0.40613443,-0.86346275,0,0,tn
0.8603801,-0.8334404,0,0,tn
-0.17929459,-0.09764673,1,0,fp
0.03057015,-0.31717855,0,0,tn
0.3155307,-0.7604266,0,0,tn
-0.09620322,-0.40746942,0,0,tn
-0.390359,-0.04117652,1,0,fp
-0.31058055,-0.18355812,1,0,fp
-0.11961316,-0.25521523,0,0,tn
0.42028546,-0.24120477,0,0,tn
-0.38185725,-0.060351156,1,0,fp
0.11577638,-0.42312416,0,0,tn
-0.1189501,-0.31602815,0,0,tn
0.17709453,-0.75277543,0,0,tn
-0.06600514,-0.35300624,0,0,tn
-0.450586,0.022957712,1,0,fp
-0.33681026,-0.14633653,1,0,fp
0.23938207,-0.65599054,0,0,tn
0.20793797,-0.5219828,0,0,tn
-0.31048903,0.3459089,1,0,fp
0.09020519,-0.46736833,0,0,tn
-0.058710843,-0.3605146,0,0,tn
-0.9707318,0.8920962,1,0,fp
-0.2906601,-0.24835327,1,0,fp
-0.433638,0.43849185,1,0,fp
-0.48434892,-0.00043783372,1,0,fp
0.15373184,-0.4468469,0,0,tn
0.024222359,-0.47351867,0,0,tn
0.14166707,-0.2858735,0,0,tn
0.21640691,-0.65690756,0,0,tn
0.33347818,-0.62877184,0,0,tn
-0.3909838,-0.12981094,1,0,fp
-0.28580642,-0.07775786,1,0,fp
-0.77269036,0.5992593,1,0,fp
-0.09572741,-0.4146831,0,0,tn
0.024749253,-0.45079163,0,0,tn
-0.042754736,-0.45128465,0,0,tn
0.35309467,-0.94016236,0,0,tn
0.17070712,-0.6380488,0,0,tn
0.08624593,-0.3110666,0,0,tn
-0.0904372,-0.13908589,0,0,tn
-0.3373571,-0.122446366,1,0,fp
-0.80788237,0.8350206,1,0,fp
0.0484185,0.008851834,0,0,tn
-0.08491344,-0.05508787,1,0,fp
0.06612266,-0.55153316,0,0,tn
0.5283655,-0.9479323,0,0,tn
-0.7531042,0.73954165,1,0,fp
0.24994169,-0.631578,0,0,tn
0.16613403,-0.7900432,0,0,tn
-0.3336992,-0.14169693,1,0,fp
-0.38768265,-0.012959532,1,0,fp
-0.271814,-0.3052105,0,0,tn
-0.42834488,0.07620143,1,0,fp
-0.6213255,0.0014219206,1,0,fp
-0.3383951,-0.18470566,1,0,fp
-0.16587175,-0.37555552,0,0,tn
0.37854347,-0.61363864,0,0,tn
0.5619572,-1.0516946,0,0,tn
-0.28287557,-0.25256762,1,0,fp
0.602878,-0.6665476,0,0,tn
-0.22864813,-0.26856977,0,0,tn
0.3457599,-0.53224176,0,0,tn
0.1638342,-0.5844099,0,0,tn
0.017423753,-0.46549842,0,0,tn
0.430314,-0.9181667,0,0,tn
0.28887516,-0.5341154,0,0,tn
0.28864813,-0.817799,0,0,tn
0.069817066,-0.43450883,0,0,tn
0.47188088,-1.083868,0,0,tn
0.16093816,-0.53765804,0,0,tn
-0.36665013,-0.04948155,1,0,fp
-0.54118615,-0.13932304,1,0,fp
-0.17358482,-0.10803046,1,0,fp
0.35012755,-0.49308044,0,0,tn
-0.6775508,0.7467076,1,0,fp
0.26510227,-0.6239259,0,0,tn
0.20808013,-0.49324334,0,0,tn
-0.052267082,-0.374496,0,0,tn
-0.24516831,-0.23428191,1,0,fp
-0.6188715,0.7041077,1,0,fp
-0.022091154,-0.5691515,0,0,tn
-0.07392193,-0.3365385,0,0,tn
0.3470332,-0.8947213,0,0,tn
0.5388409,-0.97689664,0,0,tn
-0.26347116,-0.20222877,1,0,fp
-0.2943464,-0.10572646,1,0,fp
0.4772196,-0.80608505,0,0,tn
0.26286736,-0.9229073,0,0,tn
0.4339355,-1.0539017,0,0,tn
-0.86891353,0.56524104,1,0,fp
0.9330136,-0.7458075,0,0,tn
0.12936237,-0.7339186,0,0,tn
0.092459016,-0.4890237,0,0,tn
0.41232207,-0.45925406,0,0,tn
0.33871424,-0.70861685,0,0,tn
0.20654768,-0.83560467,0,0,tn
-0.5198027,0.12608339,1,0,fp
-0.19094679,-0.30352914,0,0,tn
-0.07758876,-0.14679374,0,0,tn
0.460628,-0.96487516,0,0,tn
0.32288465,-0.61802226,0,0,tn
-0.26713175,-0.1343972,1,0,fp
-0.3949401,-0.13945039,1,0,fp
-0.7387952,0.6449569,1,0,fp
-0.16142619,-0.32274252,0,0,tn
-0.54711443,0.72962815,1,0,fp
0.23915349,-0.6056576,0,0,tn
0.11213564,-0.50701815,0,0,tn
0.42626175,-0.9153804,0,0,tn
0.0132444315,0.044041537,1,0,fp
-0.32500255,-0.14244069,1,0,fp
0.46668282,-0.72692686,0,0,tn
0.15088879,-0.6495815,0,0,tn
0.1975539,-0.3812237,0,0,tn
0.23726936,-0.56648856,0,0,tn
0.19448245,-0.4915634,0,0,tn
0.5704095,-0.39534214,0,0,tn
-0.7376384,0.19584961,1,0,fp
-0.9147337,0.7426246,1,0,fp
0.041888103,-0.55624175,0,0,tn
-0.47125134,0.5190261,1,0,fp
-0.3264486,-0.21640347,1,0,fp
-0.4209519,-0.19637688,1,0,fp
0.01510585,-0.1968617,0,0,tn
-0.73517936,0.7315741,1,0,fp
0.4089971,-0.56301683,0,0,tn
-0.004060386,-0.46212837,0,0,tn
0.16126566,-0.46843144,0,0,tn
0.13102645,-0.5264047,0,0,tn
0.6428769,-0.4905513,0,0,tn
-0.373219,-0.2158664,1,0,fp
-0.09627955,-0.29340306,0,0,tn
-0.116364755,-0.18932591,0,0,tn
-0.54702264,0.6423958,1,0,fp
0.52608985,-1.0239879,0,0,tn
-0.043502066,-0.4391918,0,0,tn
0.23374653,-0.029499508,0,0,tn
-0.20327108,-0.28804532,0,0,tn
-0.6702339,0.87997,1,0,fp
-0.4567025,-0.15441814,1,0,fp
-0.5338568,0.10771868,1,0,fp
-0.6220637,0.018667303,1,0,fp
-0.01332723,-0.35621315,0,0,tn
0.1306851,-0.28562617,0,0,tn
0.6188074,-1.048784,0,0,tn
0.27335423,-0.6516424,0,0,tn
0.6396522,-1.0584773,0,0,tn
-0.5801062,-0.0017218072,1,0,fp
0.17593984,-0.47871253,0,0,tn
-0.70613045,0.79871005,1,0,fp
0.2502419,-0.77021927,0,0,tn
0.3800399,-0.93940455,0,0,tn
-0.29267785,-0.23693876,1,0,fp
0.10315442,-0.79221374,0,0,tn
0.32088575,-0.51243025,0,0,tn
0.23368244,-0.5795911,0,0,tn
0.35737804,-0.6710773,0,0,tn
-0.44485363,0.24332945,1,0,fp
-0.7378509,0.84170026,1,0,fp
0.11546047,-0.504445,0,0,tn
-0.1418356,-0.18828373,0,0,tn
0.3475581,-0.7874107,0,0,tn
0.30687708,-0.6583584,0,0,tn
0.26233676,-0.80399823,0,0,tn
0.21625797,-0.70821935,0,0,tn
-0.7096402,0.79632217,1,0,fp
-0.26149452,-0.29134408,0,0,tn
0.68731385,-0.5421771,0,0,tn
-0.60145473,0.8006074,1,0,fp
0.12469893,-0.6373221,0,0,tn
0.6245094,-0.95178884,0,0,tn
0.01676388,-0.37716034,0,0,tn
-0.5298729,0.02561409,1,0,fp
-0.78758824,0.7933457,1,0,fp
-0.6473521,0.1412854,1,0,fp
-0.6085271,0.6697192,1,0,fp
0.4262525,-0.9600145,0,0,tn
0.88640124,-0.7642782,0,0,tn
0.079900675,-0.36797056,0,0,tn
0.10056813,-0.51391184,0,0,tn
-0.47003984,0.01872588,1,0,fp
-0.10852245,-0.24374297,0,0,tn
0.15675431,-0.7988177,0,0,tn
-0.2935789,-0.0768655,1,0,fp
-1.039865,0.9147781,1,0,fp
0.0062960167,-0.3693751,0,0,tn
0.06979204,-0.36666748,0,0,tn
0.4773949,-0.64602435,0,0,tn
-0.7651301,0.592653,1,0,fp
-0.038245827,-0.28863466,0,0,tn
0.12400616,-0.52025497,0,0,tn
-0.52523756,0.6862206,1,0,fp
-0.84087044,0.9800259,1,0,fp
0.22885227,-0.71582097,0,0,tn
0.27668616,-0.7163277,0,0,tn
0.4004449,-0.7992314,0,0,tn
-1.0157361,0.4589783,1,0,fp
-0.77838814,0.069633864,1,0,fp
0.40994075,-1.0224035,0,0,tn
-0.24700215,-0.18595102,1,0,fp
0.16550095,-0.3959408,0,0,tn
-0.3795996,-0.02026274,1,0,fp
-0.005743246,-0.47566533,0,0,tn
-0.73615444,0.3255241,1,0,fp
-0.57807153,-0.04398597,1,0,fp
0.042536117,-0.24005936,0,0,tn
0.34323183,-0.47175553,0,0,tn
-0.82275814,0.8551744,1,0,fp
0.3166843,-0.5718302,0,0,tn
-0.3005524,-0.18246776,1,0,fp
-0.88935095,0.9342931,1,0,fp
0.2872806,-0.81448245,0,0,tn
0.17224811,-0.279118,0,0,tn
-0.4811416,-0.006990068,1,0,fp
0.5047165,-0.752499,0,0,tn
-0.6942676,0.43165883,1,0,fp
0.2931973,-0.6339455,0,0,tn
-0.40066072,0.44902733,1,0,fp
0.28358242,-0.7919319,0,0,tn
-0.26047704,0.12365525,1,0,fp
0.28238502,-0.81506646,0,0,tn
-0.08095403,-0.37492406,0,0,tn
-0.8474018,0.93242145,1,0,fp
0.32629916,-0.6906489,0,0,tn
-0.22689591,-0.2539134,0,0,tn
-0.12889932,-0.2814558,0,0,tn
-3.9521285e-05,-0.49655473,0,0,tn
-0.4212294,-0.20452923,1,0,fp
-0.6787646,0.7277809,1,0,fp
-0.44104344,-0.047463305,1,0,fp
-0.47755745,-0.050175704,1,0,fp
0.19312926,-0.62288386,0,0,tn
0.06896079,-0.36394346,0,0,tn
0.14120205,-0.1099089,0,0,tn
-0.2922072,-0.22688471,1,0,fp
-0.37455067,0.5957082,1,0,fp
-0.2874711,-0.24987291,1,0,fp
-0.16091897,-0.2644908,0,0,tn
0.35467327,-0.7793743,0,0,tn
-0.15575589,-0.2583104,0,0,tn
-0.44841424,0.0078236535,1,0,fp
-0.6593965,0.719295,1,0,fp
-0.6056926,0.35418937,1,0,fp
-0.54045194,0.673788,1,0,fp
0.6382572,-1.0117877,0,0,tn
-0.082728215,0.061726514,1,0,fp
-0.656285,0.8104481,1,0,fp
-0.71459204,0.8606087,1,0,fp
0.3781823,-0.29270855,0,0,tn
-0.35824734,-0.16533588,1,0,fp
-0.748205,0.66675,1,0,fp
-0.61893183,0.18031771,1,0,fp
-0.0872045,-0.26348454,0,0,tn
0.32173696,-0.47081497,0,0,tn
-0.08120406,-0.37469447,0,0,tn
-0.026426524,-0.2979027,0,0,tn
0.74112934,-0.7490715,0,0,tn
0.43668488,-0.8881032,0,0,tn
0.4307193,-0.48317283,0,0,tn
-0.40386242,-0.1372663,1,0,fp
-0.16836108,-0.010598354,1,0,fp
0.556764,-0.3094975,0,0,tn
-0.41298452,-0.17902462,1,0,fp
-0.4982597,0.48169905,1,0,fp
-0.14972952,-0.3798393,0,0,tn
0.2367942,-0.89381593,0,0,tn
0.098967366,-0.49230355,0,0,tn
0.15429285,-0.6431104,0,0,tn
0.8896533,-0.7894207,0,0,tn
0.009185586,-0.526116,0,0,tn
-0.2096224,-0.30246416,0,0,tn
0.196008,-0.27965915,0,0,tn
0.39028215,-0.50098723,0,0,tn
-0.22824948,-0.14434506,1,0,fp
-0.17168412,-0.28044912,0,0,tn
-0.9865916,0.6696846,1,0,fp
0.74385434,-0.76192266,0,0,tn
0.4578604,-0.8391239,0,0,tn
0.7399788,-0.72337717,0,0,tn
0.1371979,-0.5393124,0,0,tn
0.266324,-0.7020995,0,0,tn
-0.715764,0.8800662,1,0,fp
0.26771483,-0.30326056,0,0,tn
0.14767058,-0.5702994,0,0,tn
-0.0061880643,-0.3026097,0,0,tn
0.11111941,-0.5081366,0,0,tn
0.55085677,-0.92417353,0,0,tn
-0.594438,0.8131253,1,0,fp
0.1594312,-0.5729918,0,0,tn
0.35173187,-0.8460069,0,0,tn
0.26833734,-0.58400434,0,0,tn
-0.09092493,-0.21885969,0,0,tn
0.31649804,-0.71810263,0,0,tn
0.5760823,-1.1690382,0,0,tn
-0.24649678,0.36146125,1,0,fp
0.2255576,-0.6628768,0,0,tn
-0.91824967,0.86318994,1,0,fp
-0.71908826,0.43923107,1,0,fp
0.57754666,-0.8159237,0,0,tn
-0.10925599,-0.031628188,1,0,fp
-0.5650222,0.7487283,1,0,fp
0.0063931164,-0.43477127,0,0,tn
-0.668252,0.72140217,1,0,fp
-0.67152256,0.8588196,1,0,fp
0.32752687,-0.7941799,0,0,tn
-0.17185722,-0.32515532,0,0,tn
-0.78543806,0.8774359,1,0,fp
-0.13018449,-0.3531113,0,0,tn
0.05458554,-0.4947507,0,0,tn
0.26899084,-0.41018274,0,0,tn
-0.08545065,-0.4479435,0,0,tn
-0.054203197,-0.41087916,0,0,tn
-0.47092086,0.69635916,1,0,fp
0.33298615,-0.7538795,0,0,tn
-0.00042142314,-0.3505167,0,0,tn
0.32678497,-0.6220487,0,0,tn
0.5084812,-0.9862719,0,0,tn
-0.500343,-0.11463601,1,0,fp
-0.35747027,-0.0176057,1,0,fp
-0.62804604,-0.10621976,1,0,fp
-0.15885974,-0.15192387,1,0,fp
-0.50696987,0.056807958,1,0,fp
0.054593958,-0.52564126,0,0,tn
-0.5933667,0.6650465,1,0,fp
0.69463277,-0.8436143,0,0,tn
-0.035770707,-0.5913286,0,0,tn
-0.0041541825,-0.4994056,0,0,tn
-0.8501742,0.9940584,1,0,fp
0.7165053,-0.40659425,0,0,tn
0.53227895,-0.9378398,0,0,tn
0.26708835,-0.71887445,0,0,tn
1.0093381,-0.8453898,0,0,tn
-0.5678782,0.10655813,1,0,fp
-0.23962934,-0.31836498,0,0,tn
0.31323546,-0.48551178,0,0,tn
-0.05643406,-0.18813905,0,0,tn
0.5144201,-0.8382345,0,0,tn
0.16967113,-0.8597413,0,0,tn
0.25263444,-0.7003211,0,0,tn
0.4845073,-0.6579242,0,0,tn
0.12149632,-0.483608,0,0,tn
-0.62815326,0.6808624,1,0,fp
0.12466229,-0.6516537,0,0,tn
0.39992228,-0.75704616,0,0,tn
-0.48661858,0.018911235,1,0,fp
-0.68956506,0.842009,1,0,fp
0.34488145,-0.8426473,0,0,tn
0.35372403,-0.62987643,0,0,tn
0.067429624,-0.51162344,0,0,tn
0.41338566,-0.9268437,0,0,tn
0.088205285,-0.41001877,0,0,tn
0.01738824,-0.5176704,0,0,tn
0.012591472,-0.3983128,0,0,tn
-0.34936514,-0.13096222,1,0,fp
0.19861393,-0.6204681,0,0,tn
0.39332798,-0.48972407,0,0,tn
-0.5126968,0.40087092,1,0,fp
0.29391733,-0.38414833,0,0,tn
-0.789947,0.85517544,1,0,fp
0.51362675,-0.61585623,0,0,tn
0.1940382,-0.6472674,0,0,tn
0.215376,-0.95019275,0,0,tn
-0.3942953,-0.122859575,1,0,fp
0.031440966,-0.2621623,0,0,tn
0.046874538,-0.42863628,0,0,tn
0.32082886,-0.2421809,0,0,tn
-0.7206139,0.10269412,1,0,fp
-0.33339527,-0.082633115,1,0,fp
0.19537859,-0.66549665,0,0,tn
-0.67667836,0.3082793,1,0,fp
0.478525,-0.6923315,0,0,tn
-0.3040827,-0.28398624,1,0,fp
0.13155332,-0.2644215,0,0,tn
-0.8629741,0.32378945,1,0,fp
0.6203631,-0.64021415,0,0,tn
0.15145275,-0.8829733,0,0,tn
0.2832165,-0.71046823,0,0,tn
0.4938272,-0.77672154,0,0,tn
-0.39082664,-0.16085713,1,0,fp
0.35112265,-0.568273,0,0,tn
0.5858247,-0.82654864,0,0,tn
0.31525534,-0.16337919,0,0,tn
0.74198765,-0.6043106,0,0,tn
-0.020847589,-0.33964667,0,0,tn
0.18246357,-0.5442987,0,0,tn
-1.0354102,0.53862256,1,0,fp
0.20572005,-0.4849923,0,0,tn
0.38330927,-0.88008624,0,0,tn
-0.601202,0.10558013,1,0,fp
-0.30714837,-0.118534006,1,0,fp
0.37159815,-0.7646229,0,0,tn
0.16564727,-0.5770071,0,0,tn
0.09223496,-0.38718218,0,0,tn
0.2614764,-0.9034856,0,0,tn
-0.37000722,-0.13454236,1,0,fp
-1.2165129,1.237325,1,0,fp
0.17533596,-0.4229181,0,0,tn
-0.47569117,-0.0809204,1,0,fp
-0.7579603,0.7129465,1,0,fp
0.24326685,-0.25419718,0,0,tn
0.53790694,-0.66917855,0,0,tn
0.4695445,-1.0917861,0,0,tn
-0.75168693,0.4558322,1,0,fp
-0.15134244,-0.3797021,0,0,tn
0.37372354,-0.54356736,0,0,tn
0.22605431,-0.5903448,0,0,tn
0.2932374,-0.9660339,0,0,tn
-0.39999214,-0.22917043,1,0,fp
0.10176289,-0.6291164,0,0,tn
0.30558673,-0.876187,0,0,tn
0.10873063,-0.2722709,0,0,tn
0.33645156,-0.8909282,0,0,tn
0.1434105,-0.6464773,0,0,tn
-0.5543984,0.08288041,1,0,fp
-0.18204534,-0.38205403,0,0,tn
0.2659852,-0.7642535,0,0,tn
0.25169486,-0.72588724,0,0,tn
0.26523033,-0.4317222,0,0,tn
0.4395034,-0.871035,0,0,tn
0.3585445,-0.7415468,0,0,tn
0.25957865,-0.49973986,0,0,tn
0.25914267,-0.5403903,0,0,tn
0.34792095,-0.7373722,0,0,tn
-0.73617506,0.7071746,1,0,fp
-0.634836,0.14049071,1,0,fp
0.69739795,-0.9717787,0,0,tn
-0.4582872,0.12709974,1,0,fp
-0.004968479,-0.45446524,0,0,tn
0.4141977,-0.86649776,0,0,tn
0.078982495,-0.52315646,0,0,tn
0.77782685,-0.6426469,0,0,tn
0.16121235,-0.45456192,0,0,tn
-0.5220756,0.082567364,1,0,fp
0.23352651,-0.6417187,0,0,tn
-0.48580155,0.44611105,1,0,fp
-0.0033813973,-0.44281027,0,0,tn
0.2012134,-0.6062238,0,0,tn
0.89132065,-0.6934176,0,0,tn
-0.71677715,0.065718204,1,0,fp
0.5473716,-0.90858746,0,0,tn
0.35970858,-0.78910637,0,0,tn
-1.0333786,0.6758849,1,0,fp
-0.13352849,-0.3398933,0,0,tn
-0.031009793,0.23075236,1,0,fp
0.23385702,-0.44990125,0,0,tn
-0.4444336,-0.058870323,1,0,fp
0.3598267,-0.79960597,0,0,tn
0.12686576,-0.56988263,0,0,tn
0.34668744,-0.8656096,0,0,tn
0.44284377,-0.3194748,0,0,tn
-0.5293529,0.563451,1,0,fp
0.26685417,-0.816387,0,0,tn
0.1614926,-0.29368433,0,0,tn
0.22649257,-0.7720505,0,0,tn
-0.39867538,-0.15718336,1,0,fp
0.16198973,-0.504484,0,0,tn
0.07008585,-0.40725046,0,0,tn
-0.5910712,-0.011153191,1,0,fp
0.17720118,-0.4708964,0,0,tn
0.45938447,-0.32188064,0,0,tn
0.5669368,-0.5454763,0,0,tn
0.22219098,-0.6595917,0,0,tn
0.29021975,-0.63556427,0,0,tn
0.29386458,-0.58942884,0,0,tn
0.6292144,-0.64161056,0,0,tn
-0.36710164,-0.1999812,1,0,fp
0.46470994,-0.8611284,0,0,tn
0.042003583,-0.51522547,0,0,tn
0.11132675,-0.55533177,0,0,tn
-0.15722115,-0.30129853,0,0,tn
0.052808538,-0.4971986,0,0,tn
0.1614026,-0.7362907,0,0,tn
0.24434493,-0.5379899,0,0,tn
0.41826287,-1.0150225,0,0,tn
-0.08123047,-0.23792928,0,0,tn
0.30737388,-0.09744946,0,0,tn
0.7206188,-1.0250349,0,0,tn
-0.5588581,0.059735455,1,0,fp
-0.61769605,0.51798236,1,0,fp
0.017822377,-0.62415165,0,0,tn
-0.082236625,-0.5032006,0,0,tn
-0.9224124,0.8910921,1,0,fp
0.33573043,-0.6665396,0,0,tn
0.328987,-0.7280745,0,0,tn
0.42304626,-0.15860672,0,0,tn
0.237054,-0.6738795,0,0,tn
-0.43374023,-0.24075551,1,0,fp
0.36742702,-0.40479594,0,0,tn
-0.044335105,-0.34039423,0,0,tn
-0.40868446,-0.09537638,1,0,fp
0.13439678,-0.6992617,0,0,tn
0.18230686,-0.65117806,0,0,tn
-0.75515074,0.7874231,1,0,fp
-0.010755481,-0.39576468,0,0,tn
-0.40164024,-0.157087,1,0,fp
-0.71882147,0.7693358,1,0,fp
0.34225634,-0.7805882,0,0,tn
-0.27139848,-0.2860175,0,0,tn
0.32174686,-0.66649145,0,0,tn
0.25856036,-0.44722608,0,0,tn
-0.95368236,0.9973933,1,0,fp
0.17151941,-0.35065493,0,0,tn
0.2051896,-0.49622726,0,0,tn
-0.6445675,0.716638,1,0,fp
-0.7209431,0.2803589,1,0,fp
-0.45372927,0.71094894,1,0,fp
-0.13129629,-0.4646189,0,0,tn
0.04428434,-0.6538895,0,0,tn
0.21336937,-0.7234728,0,0,tn
0.22794576,-0.67135817,0,0,tn
0.24398996,-0.53502613,0,0,tn
-0.26834288,-0.13927644,1,0,fp
-0.48751706,-0.038500257,1,0,fp
-0.26847613,-0.24660327,1,0,fp
-0.5587795,0.41307366,1,0,fp
0.2891076,-0.8643084,0,0,tn
-0.85553944,0.99130774,1,0,fp
0.32843548,-0.6818747,0,0,tn
-0.13458674,-0.3970539,0,0,tn
-0.4054314,-0.10969759,1,0,fp
0.4331672,-0.74022365,0,0,tn
0.47654003,-0.36188322,0,0,tn
0.123325326,-0.26408336,0,0,tn
0.40975145,-0.78688055,0,0,tn
0.24939252,-0.6284295,0,0,tn
0.25365135,-0.77920693,0,0,tn
0.29313707,-0.7684671,0,0,tn
-0.717442,0.6490474,1,0,fp
0.14824548,-0.4536434,0,0,tn
0.61859185,-0.59875625,0,0,tn
0.216426,-0.79030806,0,0,tn
-0.1475336,-0.30797914,0,0,tn
0.59829086,-0.92783743,0,0,tn
-0.8623273,1.011902,1,0,fp
0.5213638,-0.84247595,0,0,tn
-0.178688,-0.19680077,0,0,tn
0.054237362,-0.32385904,0,0,tn
-0.05058825,-0.41826987,0,0,tn
0.2624428,-0.8200492,0,0,tn
0.334623,-0.7721817,0,0,tn
0.624373,-0.8890641,0,0,tn
0.22543815,-0.50746614,0,0,tn
0.6744363,-1.1475399,0,0,tn
-0.060780138,-0.422429,0,0,tn
-0.5993474,0.6814741,1,0,fp
0.07986311,-0.73683035,0,0,tn
-0.14676781,-0.4066718,0,0,tn
0.48062432,-0.8361487,0,0,tn
-0.39625797,-0.0841775,1,0,fp
0.09700945,-0.32300007,0,0,tn
0.08016003,-0.5377013,0,0,tn
-0.055298682,-0.08504275,0,0,tn
0.45337474,-0.7538809,0,0,tn
0.5058663,-0.9823929,0,0,tn
-0.58187497,0.7339452,1,0,fp
-0.092799984,-0.24631901,0,0,tn
0.09998015,-0.4079451,0,0,tn
0.19626491,-0.09347264,0,0,tn
0.5780992,-0.49409732,0,0,tn
-0.07731892,-0.3977576,0,0,tn
-0.07931898,-0.24493536,0,0,tn
0.10917236,-0.4393084,0,0,tn
0.15059902,-0.39093876,0,0,tn
0.033392128,-0.40675595,0,0,tn
0.51818645,-0.28738308,0,0,tn
0.16260481,-0.7047842,0,0,tn
0.16144118,-0.6503675,0,0,tn
0.14662209,-0.47076473,0,0,tn
0.1589629,-0.72312033,0,0,tn
0.3787945,-1.0161527,0,0,tn
0.0898897,-0.53098845,0,0,tn
-0.0012609843,-0.4404625,0,0,tn
-0.2984809,-0.25043836,1,0,fp
-0.50552964,-0.14029486,1,0,fp
-0.3687159,-0.16901782,1,0,fp
-0.11206578,-0.10286201,1,0,fp
0.46776426,-0.7320147,0,0,tn
-0.55931604,0.23683912,1,0,fp
-0.48023453,0.5182765,1,0,fp
0.3046106,-0.8770254,0,0,tn
0.6012822,-0.7597061,0,0,tn
-0.0045381035,-0.15360813,0,0,tn
-0.3388637,-0.07439033,1,0,fp
0.36440483,-0.3721201,0,0,tn
-0.59610015,0.36423424,1,0,fp
0.24466784,-0.7466569,0,0,tn
0.4114952,-0.7915027,0,0,tn
0.085993215,-0.5891628,0,0,tn
-0.18521114,-0.42259845,0,0,tn
-0.6421505,0.59301054,1,0,fp
0.6221274,-0.890191,0,0,tn
0.14280246,-0.5852684,0,0,tn
0.55480725,-0.9139171,0,0,tn
-0.2331165,-0.20922558,1,0,fp
0.9770866,-0.9406462,0,0,tn
0.3410786,-0.6754084,0,0,tn
0.24349947,-0.77539665,0,0,tn
0.31078038,-0.5766146,0,0,tn
0.24544553,-0.78701067,0,0,tn
0.6447869,-0.89043814,0,0,tn
0.45563588,-0.86709994,0,0,tn
0.20890298,-0.54279894,0,0,tn
0.47985545,-0.9295466,0,0,tn
-0.22804148,-0.18190499,1,0,fp
-0.50959915,0.027130239,1,0,fp
0.434965,-0.8388895,0,0,tn
-0.07159549,-0.45265678,0,0,tn
0.4592696,-0.8870913,0,0,tn
-0.7273787,0.79722416,1,0,fp
0.29492375,-0.8944995,0,0,tn
-0.50239325,-0.01418791,1,0,fp
-0.109238304,-0.29842636,0,0,tn
0.08802549,-0.5238533,0,0,tn
0.20261063,-0.67699426,0,0,tn
-0.5203125,0.08409403,1,0,fp
0.2556149,-0.71875656,0,0,tn
-1.0953817,0.94365543,1,0,fp
-0.3132977,-0.09475603,1,0,fp
-0.022900574,-0.12148868,0,0,tn
0.3411783,-0.7670084,0,0,tn
0.1002756,-0.4816142,0,0,tn
0.26525083,-0.9079931,0,0,tn
0.12021005,-0.658004,0,0,tn
0.12965935,-0.6997548,0,0,tn
0.4828798,-0.57208943,0,0,tn
0.37867615,-0.413206,0,0,tn
0.2948059,-0.811474,0,0,tn
-0.29935443,-0.19155313,1,0,fp
0.85533065,-0.8973956,0,0,tn
0.2311479,-0.32073525,0,0,tn
0.52597,-0.6772247,0,0,tn
-1.0011746,1.0620757,1,0,fp
0.44816545,-0.8614153,0,0,tn
-0.09678708,-0.3484552,0,0,tn
-0.53493947,0.013595097,1,0,fp
0.52746046,-0.77630657,0,0,tn
0.3721771,-0.7700084,0,0,tn
0.4152631,-0.757178,0,0,tn
0.1775565,-0.51578444,0,0,tn
-0.34075114,-0.21514508,1,0,fp
-0.6689471,0.7932,1,0,fp
-0.054108605,-0.4365973,0,0,tn
0.6000696,-0.827856,0,0,tn
-0.6853526,0.13146073,1,0,fp
0.41333368,-0.64908123,0,0,tn
0.24046934,-0.45217463,0,0,tn
0.82463914,-0.479981,0,0,tn
-0.031327862,-0.3501789,0,0,tn
0.14653178,-0.47796956,0,0,tn
-0.9380201,0.9508547,1,0,fp
0.59941715,-0.38695472,0,0,tn
-0.04589007,-0.08927054,0,0,tn
0.048053406,-0.35697955,0,0,tn
-0.6093467,0.6680505,1,0,fp
0.511791,-0.56100476,0,0,tn
-0.5118379,0.6458376,1,0,fp
-0.76859665,0.15795238,1,0,fp
0.177602,-0.78569764,0,0,tn
0.056912303,-0.41540083,0,0,tn
0.2820836,-0.7668254,0,0,tn
0.053954445,-0.33669865,0,0,tn
-0.07718987,-0.23860092,0,0,tn
-0.3235732,-0.13770822,1,0,fp
0.5376591,-1.1038961,0,0,tn
-0.33034444,0.12695563,1,0,fp
-0.018546224,-0.26987103,0,0,tn
0.47051892,-0.47368515,0,0,tn
0.2762163,-0.98707753,0,0,tn
0.65829724,-0.8461916,0,0,tn
-0.5024506,0.63436127,1,0,fp
0.34471408,-0.6722454,0,0,tn
0.57334334,-0.4214461,0,0,tn
0.1173184,-0.30315578,0,0,tn
0.44859156,-0.8538644,0,0,tn
0.22728203,-0.8316552,0,0,tn
-0.45868668,-0.17995532,1,0,fp
-0.6178986,0.1991194,1,0,fp
0.7935205,-0.6292326,0,0,tn
0.22623087,-0.3002861,0,0,tn
-0.007908106,-0.34265715,0,0,tn
0.14767274,-0.78044945,0,0,tn
0.20321016,-0.6814489,0,0,tn
0.11778611,-0.4536573,0,0,tn
-0.44153532,-0.24347569,1,0,fp
-0.32779327,-0.1339535,1,0,fp
0.03849119,-0.4808774,0,0,tn
0.39221412,-0.22806214,0,0,tn
0.23035648,-0.9437176,0,0,tn
0.20351958,-0.7307958,0,0,tn
0.31421605,-0.6101845,0,0,tn
0.2859175,-0.6805925,0,0,tn
0.07776999,-0.35914105,0,0,tn
0.010301381,-0.6590938,0,0,tn
-0.051347848,-0.25804636,0,0,tn
0.1236167,-0.38496777,0,0,tn
0.07841068,-0.5201132,0,0,tn
-0.40148702,-0.09215353,1,0,fp
0.25506705,-0.53426516,0,0,tn
0.68225795,-0.507284,0,0,tn
0.05664332,-0.39267603,0,0,tn
0.28514454,-0.73512906,0,0,tn
0.029176697,-0.4838465,0,0,tn
0.2856089,-0.87034285,0,0,tn
-0.783728,0.8356537,1,0,fp
-0.27265173,-0.32236364,0,0,tn
0.13450363,-0.32676315,0,0,tn
-0.91453743,0.44337347,1,0,fp
0.5815588,-1.0737298,0,0,tn
0.19900863,-0.41999552,0,0,tn
0.4265885,-0.67990834,0,0,tn
-0.6822615,0.7823208,1,0,fp
-0.26097265,-0.2246074,1,0,fp
0.10213253,-0.55013764,0,0,tn
-0.045897447,-0.35947597,0,0,tn
0.21448764,-0.82585037,0,0,tn
-0.5807252,0.08967341,1,0,fp
-0.3863419,-0.11564202,1,0,fp
-0.1933951,-0.33454418,0,0,tn
0.24254358,-0.5834643,0,0,tn
0.8769845,-0.6130178,0,0,tn
-0.21116091,-0.2576252,0,0,tn
-0.33807522,-0.07194718,1,0,fp
0.008873392,-0.37614885,0,0,tn
-0.80599004,0.28828493,1,0,fp
0.46143028,-1.1066614,0,0,tn
0.48260015,-0.9366997,0,0,tn
-0.06700678,-0.2760197,0,0,tn
0.100637555,0.05337233,0,0,tn
0.27940014,-0.660602,0,0,tn
0.63191855,-0.7943395,0,0,tn
0.2035093,-0.4825621,0,0,tn
0.023790188,0.02253753,0,0,tn
-0.017995887,-0.38345084,0,0,tn
0.1529947,-0.51804924,0,0,tn
0.34838307,-0.6676753,0,0,tn
-0.12215204,-0.21799208,0,0,tn
0.40787068,-0.82286876,0,0,tn
-0.6454921,0.76005346,1,0,fp
-0.4194003,-0.09879979,1,0,fp
0.06504497,-0.45490077,0,0,tn
-0.63635594,0.71121126,1,0,fp
0.4062529,-0.7470301,0,0,tn
0.39282838,-0.8427494,0,0,tn
-0.17856236,0.41106054,1,0,fp
-0.045704123,-0.24450397,0,0,tn
-0.76249284,0.8366264,1,0,fp
0.7529393,-0.90463287,0,0,tn
-0.22096905,-0.36704335,0,0,tn
0.07533474,-0.5937893,0,0,tn
-0.90220183,0.8860436,1,0,fp
0.31909022,-0.7013272,0,0,tn
0.60289115,-1.0256922,0,0,tn
0.2060082,-0.63422805,0,0,tn
0.15430488,-0.5867881,0,0,tn
-0.60691994,0.06267169,1,0,fp
0.41124272,-0.6295127,0,0,tn
-0.87319267,0.92019194,1,0,fp
0.35882613,-0.712539,0,0,tn
-0.82717425,0.9161684,1,0,fp
0.66233927,-1.1048083,0,0,tn
0.38233617,-0.91004443,0,0,tn
0.49310914,-1.0180837,0,0,tn
0.33655286,-0.88894475,0,0,tn
0.13433194,-0.68040556,0,0,tn
0.31418648,-0.61240476,0,0,tn
0.43120292,-0.5256032,0,0,tn
-0.2843628,-0.21852453,1,0,fp
0.15014242,-0.38848162,0,0,tn
0.61099344,-0.79554015,0,0,tn
0.37436244,-0.8297792,0,0,tn
0.23466694,-0.85309,0,0,tn
-0.56555927,0.11189805,1,0,fp
0.4726527,-0.7125587,0,0,tn
-0.6489774,0.8908046,1,0,fp
-0.37361488,0.3073127,1,0,fp
0.11791738,-0.35681257,0,0,tn
0.29501668,-0.9373673,0,0,tn
0.36874196,-0.6858524,0,0,tn
-0.043191046,-0.43791333,0,0,tn
-0.060402654,-0.28116637,0,0,tn
0.37931705,-0.82839984,0,0,tn
0.20125939,-0.3564421,0,0,tn
-0.43780923,0.036406763,1,0,fp
-0.4646742,-0.1318464,1,0,fp
-0.55240524,0.68247694,1,0,fp
0.23179953,-0.63408035,0,0,tn
0.2564041,-0.38581467,0,0,tn
0.55781347,-1.1072303,0,0,tn
0.06046822,-0.41995975,0,0,tn
0.1995221,-0.45287946,0,0,tn
-0.18947864,-0.2658448,0,0,tn
0.3295129,-0.65511405,0,0,tn
0.10410457,-0.44357812,0,0,tn
0.13969147,-0.4340629,0,0,tn
-0.745902,0.70809406,1,0,fp
0.08986754,-0.36086684,0,0,tn
0.011223972,-0.42926618,0,0,tn
0.11959833,-0.40637624,0,0,tn
0.0737755,-0.46577618,0,0,tn
0.021591093,-0.22359826,0,0,tn
0.22286545,-0.56027246,0,0,tn
-0.43115643,0.086206906,1,0,fp
0.41101155,-0.85601276,0,0,tn
0.08339467,-0.7095122,0,0,tn
0.16921736,-0.5640459,0,0,tn
0.6772639,-0.6248677,0,0,tn
0.34944808,-0.39158046,0,0,tn
0.19408183,-0.7660956,0,0,tn
0.20084226,-0.619158,0,0,tn
-0.3891922,-0.14515796,1,0,fp
-0.10597491,-0.33953974,0,0,tn
0.19103685,-0.72735286,0,0,tn
0.4411026,-0.9037966,0,0,tn
-0.2713042,-0.10017476,1,0,fp
-0.43221548,0.030874833,1,0,fp
0.2022013,-0.39578328,0,0,tn
0.549424,-0.89737266,0,0,tn
-0.3103626,-0.32051712,0,0,tn
0.16524781,-0.44144788,0,0,tn
-0.6620373,0.776292,1,0,fp
-0.8380937,0.21005242,1,0,fp
0.18231554,-0.7941825,0,0,tn
-0.39040908,-0.13383146,1,0,fp
0.0887478,-0.48239383,0,0,tn
0.10917123,-0.48083973,0,0,tn
0.3793153,-0.4512844,0,0,tn
0.08812398,-0.49920315,0,0,tn
0.2992328,-0.8239971,0,0,tn
-0.61003894,0.7050175,1,0,fp
0.24910825,-0.3735442,0,0,tn
-0.32631746,-0.19594602,1,0,fp
-0.33058056,-0.13425843,1,0,fp
-0.68745285,0.7387075,1,0,fp
0.19299679,-0.61070186,0,0,tn
-0.75312877,0.37796137,1,0,fp
0.0016102273,-0.41831446,0,0,tn
0.46521494,-0.6967875,0,0,tn
-0.018654782,-0.34003752,0,0,tn
0.30145833,-0.718909,0,0,tn
0.5682284,-0.4055778,0,0,tn
0.109700136,-0.27142653,0,0,tn
0.23881987,-0.62211335,0,0,tn
-0.4028198,0.05794747,1,0,fp
0.052845173,-0.23853314,0,0,tn
-0.46270153,0.06708906,1,0,fp
-0.5639584,0.2070917,1,0,fp
-0.37359282,-0.19513783,1,0,fp
-0.22640963,-0.25492728,0,0,tn
0.22497831,-0.49515805,0,0,tn
0.15034835,-0.51263154,0,0,tn
0.30562028,-0.41100183,0,0,tn
-0.27445343,-0.14544235,1,0,fp
0.6622354,-0.7790969,0,0,tn
-0.41640887,0.41563758,1,0,fp
0.4999564,-0.8960897,0,0,tn
0.6374843,-1.1975651,0,0,tn
-0.6046245,0.015919738,1,0,fp
-0.46950167,0.56256545,1,0,fp
-0.53239733,0.68833035,1,0,fp
0.414133,-0.9697473,0,0,tn
0.14220561,-0.52179545,0,0,tn
0.14240447,-0.6566086,0,0,tn
-0.53340846,-0.022361778,1,0,fp
0.29506445,-0.2908136,0,0,tn
-0.70945233,0.7879335,1,0,fp
0.08016019,-0.66815776,0,0,tn
0.45299605,-1.0380425,0,0,tn
-0.21019807,0.15788782,1,0,fp
0.33681178,-0.41104797,0,0,tn
-0.88106793,0.63911587,1,0,fp
0.45582184,-0.86359984,0,0,tn
0.17288072,-0.5289547,0,0,tn
0.21575503,-0.15912749,0,0,tn
0.29885986,-0.9274453,0,0,tn
-0.5291244,-0.04605808,1,0,fp
0.08972905,-0.61451817,0,0,tn
0.51832247,-1.0910184,0,0,tn
0.39709598,-0.772404,0,0,tn
0.67077404,-0.36520785,0,0,tn
0.3535756,-0.8465546,0,0,tn
-0.37280586,-0.13380678,1,0,fp
0.10678255,-0.14871907,0,0,tn
0.10407319,-0.4259886,0,0,tn
-0.11203632,-0.41897815,0,0,tn
-0.023966424,-0.41217926,0,0,tn
0.37004012,-0.61510104,0,0,tn
-0.24362673,-0.26309538,0,0,tn
0.18002842,-0.6725493,0,0,tn
0.5134514,-0.8584252,0,0,tn
0.28660756,-0.86212325,0,0,tn
0.52579427,-1.1240549,0,0,tn
0.3369849,-0.71994215,0,0,tn
0.35269347,-0.6192693,0,0,tn
0.21040472,-0.25338295,0,0,tn
0.16396913,-0.4751561,0,0,tn
-0.1634583,-0.20609818,0,0,tn
-0.21799427,-0.21053116,1,0,fp
0.42859945,-0.9414172,0,0,tn
0.40436855,-0.6518371,0,0,tn
0.5271267,-0.97307414,0,0,tn
0.54666877,-0.8181934,0,0,tn
-0.018918201,-0.39634386,0,0,tn
0.056136694,-0.1122092,0,0,tn
0.6582539,-0.9222714,0,0,tn
0.17861427,-0.6189264,0,0,tn
0.12330557,-0.67381555,0,0,tn
-0.9898953,0.94191545,1,0,fp
-0.3662895,-0.16542791,1,0,fp
-0.017164815,-0.33040562,0,0,tn
0.064967506,-0.6294906,0,0,tn
-0.019316971,-0.4144919,0,0,tn
0.2811514,-0.5398752,0,0,tn
-0.7992287,0.87288266,1,0,fp
-0.9267439,0.6210881,1,0,fp
0.1089694,-0.59514254,0,0,tn
0.2718371,-0.65844876,0,0,tn
0.38857147,-1.0202945,0,0,tn
0.29074454,-0.7730418,0,0,tn
0.09885249,-0.5915138,0,0,tn
-0.02476471,-0.4322663,0,0,tn
0.28761253,-0.75719017,0,0,tn
-0.8496388,0.9161654,1,0,fp
-0.3237566,-0.43648544,0,0,tn
0.33874485,-0.62184435,0,0,tn
0.35419244,-0.7123845,0,0,tn
0.29745623,-0.61748546,0,0,tn
-0.3063188,-0.17706217,1,0,fp
-0.78751856,0.8534842,1,0,fp
0.09255391,-0.46917155,0,0,tn
0.43322346,-0.8199418,0,0,tn
-0.5545168,0.5948977,1,0,fp
0.29949865,-0.84878856,0,0,tn
-0.31350204,-0.230523,1,0,fp
0.17758824,-0.6841875,0,0,tn
0.13298762,-0.65666705,0,0,tn
0.38191772,-0.33346027,0,0,tn
-0.6632917,0.77860475,1,0,fp
-0.58890265,0.83429843,1,0,fp
0.19369732,-0.4257809,0,0,tn
0.1105984,-0.41778076,0,0,tn
0.26467475,-0.73070997,0,0,tn
-0.93135375,0.9806339,1,0,fp
-0.7425657,0.52274066,1,0,fp
0.09744798,-0.46061376,0,0,tn
0.36951426,-0.9196504,0,0,tn
0.22997797,-0.6591658,0,0,tn
-0.41253415,-0.09819875,1,0,fp
-0.4272384,0.58936197,1,0,fp
0.08382983,-0.4922761,0,0,tn
0.27629396,-0.75961566,0,0,tn
-0.015097693,-0.43081,0,0,tn
-0.06557093,-0.3970688,0,0,tn
-0.32789296,-0.16110356,1,0,fp
0.38410905,-0.8490928,0,0,tn
-0.6547532,0.71018493,1,0,fp
0.27637717,-0.49291176,0,0,tn
0.18465589,-0.36892477,0,0,tn
-0.32214323,-0.18563002,1,0,fp
-0.16427217,-0.30171615,0,0,tn
0.21003726,-0.5465069,0,0,tn
-0.824683,0.8030493,1,0,fp
0.33438388,-0.8239642,0,0,tn
0.31035218,-0.26466483,0,0,tn
0.39903495,-0.6561622,0,0,tn
-0.6174507,0.42431262,1,0,fp
-0.34043893,-0.21581583,1,0,fp
-0.25041202,-0.10047836,1,0,fp
0.30884117,-0.8169278,0,0,tn
0.16047195,-0.6615084,0,0,tn
0.55445004,-0.63641167,0,0,tn
0.2317777,-0.83915627,0,0,tn
0.2458793,-0.7312257,0,0,tn
-0.72180563,0.794794,1,0,fp
-0.38833037,0.17335676,1,0,fp
0.038168762,-0.26789072,0,0,tn
-0.23123504,-0.4310591,0,0,tn
-0.6767181,0.8174884,1,0,fp
-0.03812185,-0.399753,0,0,tn
0.08419588,-0.64164245,0,0,tn
-0.2629379,-0.19901505,1,0,fp
0.29988852,-0.5079621,0,0,tn
-0.059409484,-0.44593826,0,0,tn
0.35097528,-1.0528874,0,0,tn
-0.6109332,0.05659196,1,0,fp
0.19879241,-0.58442163,0,0,tn
0.23383832,-0.5927528,0,0,tn
-0.62901396,0.049039237,1,0,fp
0.159649,-0.7471925,0,0,tn
-0.5949276,0.27043045,1,0,fp
0.32432517,-0.60005045,0,0,tn
-0.009453721,0.026880566,1,0,fp
0.11749988,-0.61623913,0,0,tn
0.41169327,-0.818778,0,0,tn
-0.01383552,-0.48044544,0,0,tn
-0.6427785,0.6224453,1,0,fp
0.21835192,-0.7612079,0,0,tn
